,seq,count,seq_align,dist
0,GCGGGCTGATTTTCATTTTTGCTGAATAAAGTCAATTTTTGTCACATTTCATCGTAGGGCTTACTGTGAAACGATCCGGTAAGCCGTTGGTGACGGGCGTGACCATAACTGTGGACAATCGAATTGACAAAAACGAGAGAAAAATCGAATACCCACCATTTTTAACGTTTCAAAGTTGCAATAAAAACCGCTAATATACGAATGACTAACTATCAGTAGCGTTATCCCTATTTCTGGAGATATTCCTTTGATCAACGTTCTACTTGTTGATGACCACGAACTGGTGCGCGCAGGGATA,737,GCGGGCTGA-TTTTCATTTTTGCTGAATAAAGTCAATT-TTTGTCACATTTCATCGTAGGGCTTACTGTGAAACGATCCGGTAAGCCGTTGGTGACGGGCGTGACCATAACTGTGGACAATCGAATTGACAAAAACGAGAGAAAAATCGAATACCCACCATTT-TTAACGTTTCAAAGTTGCAATAAAAACCGCTAATATACGAATGACTAACTATCAGTAGCGTTATCCCTATTTCTGGAGATATTCCTTTGATCAACGTTCTACTTGTTGATGACCACGAACTGGTGCGCGCAGGGATA,0
1,GCGGGCTGATTTTCATTTTTGCTGAATAAAGGTAATTTTTGTCACATTTCGTCGCAGGGCTTACTGTGAAACGATCCGGTAAGCCGTTGGTGACGGGCGTGACCATAACTGTGGACAATCGAATTGACAAAAACGAGAGAAAAATCGAATACCCACCATTTTTAACGTTTCAAAGTTGCAATAAAAACCGCTAATATACGAATGACTAACTATCAGTAGCGTTATCCCTATTTCTGGAGATATTCCTTTGATCAACGTTCTACTTGTTGATGACCACGAACTGGTGCGCGCAGGGATA,470,GCGGGCTGA-TTTTCATTTTTGCTGAATAAAGTCAATT-TTTGTCACATTTCATCGTAGGGCTTACTGTGAAACGATCCGGTAAACCGTTGGTGACGGGCGTGACCATAACTGTGGACAATCGAATTGACAAAAACGAGAGAAAAATCGAATACCCACCATTT-TTAACGTTTCAAAGTTGCAATAAAAACCGCTAATATACGAATGACTAACTATCAGTAGCGTTATCCCTATTTCTGGAGATATTCCTTTGATCAACGTTCTACTTGTTGATGACCACGAACTGGTGCGCGCAGGGATA,1
2,GCGGGCTGATTTTCATTTTTGCTGAATAAAGTCAATTTTTGTCACATTTCATCGCCGGGCTTACTGTGAAACGATCCCGGAAGCCGTTGGTGACGGGCGTGACCATAACTGTGGACAATCGAATTGACAAAAACGAGAGAAAAATCGAATACCCACCATTTTTAACGTTTCAAAGTTGCAATAAAAACCGCTAATATACGAATGACTAACTATCAGTAGCGTTATCCCTATTTCTGGAGATATTCCTTTGATCAACGTTCTACTTGTTGATGACCACGAACTGGTGCGCGCAGGGATA,347,GCGGGCTGA-TTTTCATTTTTGCTGAATAAAGGTAATT-TTTGTCACATTTCGTCGCAGGGCTTACTGTGAAACGATCCGGTCAGCCGTTGGTGACGGGCGTGACCATAACTGTGGACAATCGAATTGACAAAAACGAGAGAAAAATCGAATACCCACCATTT-TTAACGTTTCAAAGTTGCAATAAAAACCGCTAATATACGAATGACTAACTATCAGTAGCGTTATCCCTATTTCTGGAGATATTCCTTTGATCAACGTTCTACTTGTTGATGACCACGAACTGGTGCGCGCAGGGATA,5
3,GCGGGCTGATTTTCATTTTTGCTGAATAAAGGTAATTTTTGTCACATTTCGTCGCAGGGCTTACTGTGAAACGATCCGGTAAGCCGTTGGTGACGGGCGTGACCATAACTATGGACAATCGAATTGACAAAAACGAGAGAAAAATCGAATACCCACCATTTTTAACGTTTCAAAGTTGCAATAAAAACCGCTAATATACGAATGACTAACTATCAGTAGCGTTATCCCTATTTCTGGAGATATTCCTTTGATCAACGTTCTACTTGTTGATGACCACGAACTGGTGCGCGCAGGGATA,90,GCGGGCTGA-TTTTCATTTTTGCTGAATAAAGGTAATT-TTTGTCACATTTCGTCGCAGGGCTTACTGTGAAACGATCCGGTAAGCCGTTGGTGACGGACGTGACCATAACTGTGGACAATCGAATTGACAAAAACGAGAGAAAAATCGAATACCCACCATTT-TTAACGTTTCAAAGTTGCAATAAAAACCGCTAATATACGAATGACTAACTATCAGTAGCGTTATCCCTATTTCTGGAGATATTCCTTTGATCAACGTTCTACTTGTTGATGACCACGAACTTGTGCGCGCAGGGATA,6
4,GCGGGCTGATTTTCATTTTTGCTGAATAAAGTCAATTTTTGTCACATTTCATCGCCGGGCTTACTGTGAAACGATCCCGGAAGCCGTTGGTGACGGGCGTGACCATAACTGTGGACAATCGAATTTACAAAAACGAGAGAAAAATCGAATACCCACCATTTTTAACGTTTCAAAGTTGCAATAAAAACCGCTAATATACGAATGACTAACTATCAGTAGCGTTATCCCTATTTCTGGAGATATTCCTTTGATCAACGTTCTACTTGTTGATGACCACGAACTGGTGCGCGCAGGGATA,60,----GCTGA-TTTTCATTTTTGCTGAATAAAGTCAATT-TTTGTCACATTTCGTCGTTGGTTTTACCATAGAATGAACCAACAAATCTTTGGTGACGGGCGTGATCATAACTGTGGACAATCGAATTTACGAAAACGAGAGAAAAATCGAATACCCACCATTT-TTAACGTTTCAAAGTTGCAATAAAACCCGCTAATATACGAATGACTAACTATCAGTAGCGTTATCCCTATTTCTGGAGATATTCCTTTGATCAACGTTCTACTTGTTGATGACCACGAACTGGTGCGCGCAGGGATA,24
5,GCGGGCTGATTTTCATTTTTGCTGAATAAAGTCAATTTTTGTCACATTTCATCGCCGGGCTTACTGTGAAACGATCCGGTAAGCCGTTGGTGACGGGCGTGACCATAACTGTGGACAATCGAATTGACAAAAACGAGAGAAAAATCGAATACCCACCATTTTTAACGTTTCAAAGTTGCAATAAAAACCGCTAATATACGAATGACTAACTATCAGTAGCGTTATCCCTATTTCTGGAGATATTCCTTTGATCAACGTTCTACTTGTTGATGACCACGAACTGGTGCGCGCAGGGATA,53,GCGGGCTGA-TTTTCATTTTTGCTGAATAAAGTCAATT-TTTGTCACATTTCATCGTAGGGCTTACTGTGAAACGATCCCGGAAGCCGTTGGTGACGGGCGTGACCATAACTGTGGACAATCGAATTTACAAAAACGAGAGAAAAATCGAATACCCACCATTT-TTAACGTTTCAAAGTTGCAATAAAAACCGCTAATATACGAATGACTAACTATCAGTAGCGTTATCCCTATTTCTGGAGATATTCCTTTGATCAACGTTCTACTTGTTGATGACCACGAACTGGTGCGCGCAGGGATA,3
6,AATTTCCAAAAACGAGAGCAAAATCTAATGACGGACATTTTAACATTTCAAAGTTGGGGTAAAACCCGCTAATATAGGGACGACATAATATCAGTAGCGTTATCCCTATTCTGGAGATATTCCTTTGATCAACGTTCTTCTTGTTGATGACCACGAACTGGTGCGCGCAGGGATA,51,GCGGGCTGA-TTTTCATTTTTGCTGAATAAAGTCAATT-TTTGTCACATTTCATCGTAGGGCTTACTGTGAAACGATCCGGTAAGCCGTTGGTGACGGGCGTGACCATAACTGTGGACAATTGAATTGACAAAAACGAGAGAAAAATCGAATACCCACCATTT-TTAACGTTTCAAAGTTGCAATAAAAACCGCTAATATACGAATGACTAACTATCAGTAGCGTTATCCCTATTTCTGGAGATATTCCTTTGATCAACGTTCTACTTGTTGATGACCACGAACTGGTGCGCGCAGGGATA,1
7,GCGGGCTGATTTTCATTTTTGCTGAATAAAGTCAATTTTTGTCACATTTCATCGTAGGGCTTACTGTGAAACGATCCCGGAAGCCGTTGGTGACGGGCGTGACCATAACTGTGGACAATCGAATTGACAAAAACGAGAGAAAAATCGAATACCCACCATTTTTAACGTTTCAAAGTTGCAATAAAAACCGCTAATATACGAATGACTAACTATCAGTAGCGTTATCCCTATTTCTGGAGATATTCCTTTGATCAACGTTCTACTTGTTGATGACCACGAACTGGTGCGCGCAGGGATA,50,GCGGGCTGA-TTTTCATTTTTGCTGAATAAAGTCAATT-TTTGTCACATTTCATCGCAGGGCTTACAGTGAAACGATCCCGGAAGCCGTTGGTGACGGGCGTGACCATAACTGTGGACAATCGAATTTACAAAAACGAGAGAAAAATCGAATACCCACCATTT-TTAACGTTTCAAAGTTGCAATAAAAACCGCTAATATACGAATGACTAACTATCAGTAGCGTTATCCCTATTTCTGGAGATATTCCTTTGATCAACGTTCTACTTGTTGATGACCACGAACTGGTGCGCGCAGGGATA,5
8,GCGGGCTGATTTTCATTTTTGCTGAATAAAGTCAATTTTTGTCACATTTCATCGCAGGGCTTACTGTGAAACGATCCCGGAAGCCGTTGGTGACGGGCGTGACCATAACTGTGGACAATCGAATTTACAAAAACGAGAGAAAAATCGAATACCCACCATTTTTAACGTTTCAAAGTTGCAATAAAAACCGCTAATATACGAATGACTAACTATCAGTAGCGTTATCCCTATTTCTGGAGATATTCCTTTGATCAACGTTCTACTTGTTGATGACCACGAACTGGTGCGCGCAGGGATA,42,GCGGGCTGA-TTTTCATTTTTGCTGAATAAAGTCAATT-TTTGTCACATTTCATCGCAGGGCTTACTGTGAAACGATCCCGGAAGCCGTTGGTGACGGGCGTGACCATAACTGTGGACAATCGAATTTACAAAAACGAGAGAAAAATCGAATAACCACCATTT-TTAACGTTTCAAAGTTGCAATAAAAACCGCTAATATACGAATGACTAACTATCAGTAGCGTTATCCCTATTTCTGGAGATATTCCTTTGATCAACGTTCTACTTGTTGATGACCACGAACTGGTGCGCGCAGGGATA,5
9,GCGGGCTGATTTTCATTTTTGCTGAATAAAGGTAATTTTTGTCACATTTCGTCGCAGGGCTTACTGTGAAACGATCCGGTCAGCCGTTGGTGACGGGCGTGACCATAACTGTGGACAATCGAATTGACAAAAACGAGAGAAAAATCGAATACCCACCATTTTTAACGTTTCAAAGTTGCAATAAAAACCGCTAATATACGAATGACTAACTATCAGTAGCGTTATCCCTATTTCTGGAGATATTCCTTTGATCAACGTTCTACTTGTTGATGACCACGAACTGGTGCGCGCAGGGATA,39,GCGGGCTGA-TTTTCATTTTTGCTGAATAAAGTCAATT-TTTGTCACATTTCATCGTAGGGCTTACTGTGAAACGATCCGGTAAGCCGTTGGTGACGGGCGTGACCATAACTGTGGACAATCGAATTGACAAAAACGAGAGAAAAATCGAATACCCACCATTT-TTAACGTTTCAAAGTTGCAATAAAAACAGCTAATATACGAATGACTAACTATCAGTAGCGTTATCCCTATTTCTGGAGATATTCCTTTGATCAACGTTCTACTTGTTGATGACCACGAACTGGTGCGCGCAGGGATA,1
10,GCGGGCTGATTTTCATTTTTGCTGAATAAAGTCAATTTTTGTCACATTTCATCGTAGGGCTTACTGTGAAACGATCCGGTAAACCGTTGGTGACGGGCGTGACCATAACTGTGGACAATCGAATTGACAAAAACGAGAGAAAAATCGAATACCCACCATTTTTAACGTTTCAAAGTTGCAATAAAAACCGCTAATATACGAATGACTAACTATCAGTAGCGTTATCCCTATTTCTGGAGATATTCCTTTGATCAACGTTCTACTTGTTGATGACCACGAACTGGTGCGCGCAGGGATA,39,GCGGGCTGA-TTTTCATTTTTGCTGAATAAAGTCAATT-TTTGTCACATTTCATCGCAGGGCTTACTGTGAAACGATCCCGG-AGCCGTTGGTGACGGGCGTGACCATAACTGTGGACAATCGAATTTACAAAAACGAGAGAAAAATCGAATACCCACCATTT-TTAACGTTTCAAAGTTGCAATAAAAACCGCTAATATACGAATGACTAACTATCAGTAGCGTTATCCCTATTTCTGGAGATATTCCTTTGATCAACGTTCTACTTGTTGATGACCACGAACTGGTGCGCGCAGGGATA,5
11,GCGGGCTGATTTTCATTTTTGCTGAATAAAGGTAATTTTTGTCACATTTCGTCGCAGGGCTTACTGTGAAACGATCCGGTAAGCCGTTGGTGACGGACGTGACCATAACTGTGGACAATCGAATTGACAAAAACGAGAGAAAAATCGAATACCCACCATTTTTAACGTTTCAAAGTTGCAATAAAAACCGCTAATATACGAATGACTAACTATCAGTAGCGTTATCCCTATTTCTGGAGATATTCCTTTGATCAACGTTCTACTTGTTGATGACCACGAACTTGTGCGCGCAGGGATA,38,GCGGGCTGA-TTTTCATTTTTGCTGAATAAAGGTAATT-TTTGTCACATTTCGTCGCAGGGCTTACTGTGAAACGATCCGGTAAGCCGTTGGTGACGGGCGTGACCATAACTGTGGACAATCGAATTGACAAAAACGAGAGAAAAATCGAATACCCACCATTT-TTAACGTTTCAAAGTTGCAATAAAAACCGCTAATATACGAATGACTAACTATCAGTAGCGTTATCCCTATTTCTGGAGATATTCCTTTGATCAACGTTCTACTTGTTGATGACCACGAACTGGTGCGCGCAGGGATA,4
12,GCTGATTTTCATTTTTGCTGAATAAAGTCAATTTTTGTCACATTTCGTCGTTGGTTTTACCATAGAATGAACCAACAAATCTTTGGTGACGGGCGTGATCATAACTGTGGACAATCGAATTTACGAAAACGAGAGAAAAATCGAATACCCACCATTTTTAACGTTTCAAAGTTGCAATAAAACCCGCTAATATACGAATGACTAACTATCAGTAGCGTTATCCCTATTTCTGGAGATATTCCTTTGATCAACGTTCTACTTGTTGATGACCACGAACTGGTGCGCGCAGGGATA,37,GCGGGCTGA-TTTTCATTTTTGCTGAATAAAGTCAATT-TTTGTCACATTTCATCGCTGGGTTTACTGTGAAACGATCCTGGAAGCCGTTGGTGACGGGCGTGACCATAACTGTGGACAATCGAATTGACAAAAACGAGAGAAAAATCGAATACCCACCATTT-TTAACGTTTCAAAGTTGCAATAAAAACCGCTAATATACGAATGACTAACTATCAGTAGCGTTATCCCTATTTCTGGAGATATTCCTTTGATCAACGTTCTACTTGTTGATGACCACGAACTGGTGCGCGCAGGGATA,5
13,GCGGGCTGATTTTCATTTTTGCTGAATAAAGTCAATTTTTGTCACATTTCATCGTAGGGCTTACTGTGAAACGATCCCGGAAGCCGTTGGTGACGGGCGTGACCATAACTGTGGACAATCGAATTTACAAAAACGAGAGAAAAATCGAATACCCACCATTTTTAACGTTTCAAAGTTGCAATAAAAACCGCTAATATACGAATGACTAACTATCAGTAGCGTTATCCCTATTTCTGGAGATATTCCTTTGATCAACGTTCTACTTGTTGATGACCACGAACTGGTGCGCGCAGGGATA,26,GCGGGCTGA-TTTTCATTTTTTCTGAATAAAGGTAATT-TTTGTCACATTTCGTCGCAGGGCTTACTGTGAAACGATCCGGTAAGCCGTTGGTGACGGGCGTGACCATAACTGTGGACAATCGAATTGACAAAAACGAGAGAAAAATCGAATACCCACCATTT-TTAACGTTTCAAAGTTGCAATAAAAACCGCTAATATACGAATGACTAACTATCAGTAGCGTTATCCCTATTTCTGGAGATATTCCTTTGATCAACGTTCTACTTGTTGATGACCACGAACTGGTGCGCGCAGGGATA,5
14,GCGGGCTGATTTTCATTTTTGCTGAATAAAGTCAATTTTTGTCACATTTCATCGTAGGGCTTACTGTGAAACGATCCGGTAAGCCGTTGGTGACGGGCGTGACCATAACTGTGGACAATTGAATTGACAAAAACGAGAGAAAAATCGAATACCCACCATTTTTAACGTTTCAAAGTTGCAATAAAAACCGCTAATATACGAATGACTAACTATCAGTAGCGTTATCCCTATTTCTGGAGATATTCCTTTGATCAACGTTCTACTTGTTGATGACCACGAACTGGTGCGCGCAGGGATA,24,GCGGGCTGA-TTTTCATTTTTGCTGAATAAAGTCAATT-TTTGTCACATTTCGTCGCAGGGCTTACTGTGAAACGATCCCGGAAGCCGTTGGTGACGGGCGTGACCATAACTGTGGACAATCGAATTTACAAAAACGAGAGAAAAATCGAATACCCACCATTT-TTAACGTTTCAAAGTTGCAATAAAAACCGCTAATATACGAATGACTAACTATCAGTAGCGTTATCCCTATTTCTGGAGATATTCCTTTGATCAACGTTCTACTTGTTGATGACCACGAACTGGTGCGCGCAGGGATA,5
15,GCGGGCTGATTTTCATTTTTGCTGAATAAAGTCAATTTTTGTCACATTTCATCGCAGGGCTTACAGTGAAACGATCCCGGAAGCCGTTGGTGACGGGCGTGACCATAACTGTGGACAATCGAATTTACAAAAACGAGAGAAAAATCGAATACCCACCATTTTTAACGTTTCAAAGTTGCAATAAAAACCGCTAATATACGAATGACTAACTATCAGTAGCGTTATCCCTATTTCTGGAGATATTCCTTTGATCAACGTTCTACTTGTTGATGACCACGAACTGGTGCGCGCAGGGATA,23,GCGGGCTGA-TTTTCATTTTTGCTGAATAAAGGTAATT-TTTGTCACATTTCGTCGCAGGGCTTACTGTGAAACGATCCGGTAAGCCGTTGGTGACGGGCGTGACCATAACTGTGGACAATCGAATTGACAAAAACGAGAGAAAAATCGAATACCCACCATTT-TTAACGTTTCAAAGTTGCAATAAAAACCGCTAATATACGAATGACTAACTATCAGTAGCGTTATCCCTATTTCTGGAGATATTCCTTTGATCAACGTTCTACTTGTTGATGACCACGAACTTGTGCGCGCAGGGATA,5
16,GCGGGCTGATTTTCATTTTTGCTGAATAAAGTCAATTTTTGTCACATTTCATCGCAGGGCTTACTGTGAAACGATCCCGGAAGCCGTTGGTGACGGGCGTGACCATAACTGTGGACAATCGAATTTACAAAAACGAGAGAAAAATCGAATAACCACCATTTTTAACGTTTCAAAGTTGCAATAAAAACCGCTAATATACGAATGACTAACTATCAGTAGCGTTATCCCTATTTCTGGAGATATTCCTTTGATCAACGTTCTACTTGTTGATGACCACGAACTGGTGCGCGCAGGGATA,22,GCGGGCTGA-TTTTCATTTTTGCTGAATAAAGGTAATT-TTTGTCACATTACGTCGCAGGGCTTACTGTGAAACGATCCGGTAAGCCGTTGGTGACGGGCGTGACCATAACTGTGGACAATCGAATGAACAAAAACGAGAGAAAAATCGAATACCCACCATTT-TTAACGTTTCAAAGTTGCAATAAAAACCGCTAATATACGAATGACTAACTATCAGTAGCGTTATCCCTATTTCTGGAGATATTCCTTTGATCAACGTTCTACTTGTTGATGACCACGAACTGGTGCGCGCAGGGATA,7
17,GCGGGCTGATTTTCATTTTTGCTGAATAAAGTCAATTTTTGTCACATTTCATCGCAGGGCTTACTGTGAAACGATCCCGGAGCCGTTGGTGACGGGCGTGACCATAACTGTGGACAATCGAATTTACAAAAACGAGAGAAAAATCGAATACCCACCATTTTTAACGTTTCAAAGTTGCAATAAAAACCGCTAATATACGAATGACTAACTATCAGTAGCGTTATCCCTATTTCTGGAGATATTCCTTTGATCAACGTTCTACTTGTTGATGACCACGAACTGGTGCGCGCAGGGATA,20,----GCTGATTTTTCATTTGTGCTGAATAAAGTCAATT-TTTGTCACATCTCGCCGTTGGTTGTGCTGTGAAACGAACCGGCAAACCTTTGATGACGGGCGTGATCATAACTGTGGACAATCGAATTTACAAAAACGAGAGAAAAATCGAATACCCACCATTT-TTAACGTTTCAAAGTTGCAATAAAACCCGCTAATATACTAATGACTAACTATCAGTAGCGTTATCCCTATTTCTGGAGATATTCCTTTGATCAACGTTCTACTTGTTGATGACCACGAACTGGTGCGCGCAGGGATA,23
18,GCGGGCTGATTTTCATTTTTGCTGAATAAAGTCAATTTTTGTCACATTTCATCGTAGGGCTTACTGTGAAACGATCCGGTAAGCCGTTGGTGACGGGCGTGACCATAACTGTGGACAATCGAATTGACAAAAACGAGAGAAAAATCGAATACCCACCATTTTTAACGTTTCAAAGTTGCAATAAAAACAGCTAATATACGAATGACTAACTATCAGTAGCGTTATCCCTATTTCTGGAGATATTCCTTTGATCAACGTTCTACTTGTTGATGACCACGAACTGGTGCGCGCAGGGATA,16,GCGGGCTGA-TTTTCATTTTTGCTGAATAAAGGTAATT-TTTGTCACATTTCGTCGCAGGGCTTACTGTGAAACGATCCGGTAAGCCGTTGGTGACGGGCGTGACCATAACTGTGGACAATCGAATTTACAAAAACGAGAGAAAAATCGAATACCCACCATTT-TTAACGTTTCAAAGTTGCAATAAAAACCGCTAATATACGAATGACTAACTATCAGTAGCGTTATCCCTATTTCTGGAGATATTCCTTTGATCAACGTTCTACTTGTTGATGACCACGAACTGGTGCGCGCAGGGATA,5
19,GCGGGCTGATTTTCATTTTTGCTGAATAAAGTCAATTTTTGTCACATTTCATCGCTGGGTTTACTGTGAAACGATCCTGGAAGCCGTTGGTGACGGGCGTGACCATAACTGTGGACAATCGAATTGACAAAAACGAGAGAAAAATCGAATACCCACCATTTTTAACGTTTCAAAGTTGCAATAAAAACCGCTAATATACGAATGACTAACTATCAGTAGCGTTATCCCTATTTCTGGAGATATTCCTTTGATCAACGTTCTACTTGTTGATGACCACGAACTGGTGCGCGCAGGGATA,12,GCGGGCTGA-TTTTCATTTTTGCTGAATAAAGTCAATT-TTTGTCACATTTCATCGCCGGGCTTACTGTGAAACGATCCGGTAAGCCGTTGGTGACGGGCGTGACCATAACTGTGGACAATCGAATTTACAAAAACGAGAGAAAAATCGAATACCCACCATTT-TTAACGTTTCAAAGTTGCAATAAAAACCGCTAATATACGAATGACTAACTATCAGTAGCGTTATCCCTATTTCTGGAGATATTCCTTTGATCAACGTTCTACTTGTTGATGACCACGAACTGGTGCGCGCAGGGATA,3
20,GCGGGCTGATTTTCATTTTTTCTGAATAAAGGTAATTTTTGTCACATTTCGTCGCAGGGCTTACTGTGAAACGATCCGGTAAGCCGTTGGTGACGGGCGTGACCATAACTGTGGACAATCGAATTGACAAAAACGAGAGAAAAATCGAATACCCACCATTTTTAACGTTTCAAAGTTGCAATAAAAACCGCTAATATACGAATGACTAACTATCAGTAGCGTTATCCCTATTTCTGGAGATATTCCTTTGATCAACGTTCTACTTGTTGATGACCACGAACTGGTGCGCGCAGGGATA,12,GCGGGCTGA-TTTTCATTTTTGCTGAATAAAGTCAATT-TTTGTCACATTTCGTCGCAGTGCTTACTGTGAAACGATCCCGGAAGCCGTTGGTGACGGGCGTGACCATAACTGTGGACAATCGAATTGACAAAAACGAGAGAAAAATCGAATACCCACCATTT-TTAACGTTTCAAAGTTGCAATAAAAACCGCTAATATACGAATGACTAACTATCAGTAGCGTTATCCCTATTTCTGGAGATATTCCTTTGATCAACGTTCTACTTGTTGATGACCACGAACTGGTGCGCGCAGGGATA,5
21,GCGGGCTGATTTTCATTTTTGCTGAATAAAGTCAATTTTTGTCACATTTCGTCGCAGGGCTTACTGTGAAACGATCCCGGAAGCCGTTGGTGACGGGCGTGACCATAACTGTGGACAATCGAATTTACAAAAACGAGAGAAAAATCGAATACCCACCATTTTTAACGTTTCAAAGTTGCAATAAAAACCGCTAATATACGAATGACTAACTATCAGTAGCGTTATCCCTATTTCTGGAGATATTCCTTTGATCAACGTTCTACTTGTTGATGACCACGAACTGGTGCGCGCAGGGATA,9,GCGGGCTGA-TTTTCATTTTTGCTGAATAAAGTCAATT-TTTGTCACATTTCATCGCAGGGCTTACTGTGAAACGATCCCGGAAGCCGTTGGTGACGGGCGTGACCATAACTGTGGACAATCGAATTGACAAAAACGAGAGAAAAATCGAATACCCACCATTT-TTAACGTTTCAAAGTTGCAATAAAAACCGCTAATATACGAATGACTAACTATCAGTAGCGTTATCCCTATTTCTGGAGATATTCCTTTGATCAACGTTCTACTTGTTGATGACCACGAACTGGTGCGCGCAGGGATA,3
22,GCGGGCTGATTTTCATTTTTGCTGAATAAAGGTAATTTTTGTCACATTTCGTCGCAGGGCTTACTGTGAAACGATCCGGTAAGCCGTTGGTGACGGGCGTGACCATAACTGTGGACAATCGAATTGACAAAAACGAGAGAAAAATCGAATACCCACCATTTTTAACGTTTCAAAGTTGCAATAAAAACCGCTAATATACGAATGACTAACTATCAGTAGCGTTATCCCTATTTCTGGAGATATTCCTTTGATCAACGTTCTACTTGTTGATGACCACGAACTTGTGCGCGCAGGGATA,7,GCGGGCTGA-TTTTCATTTTTGCTGAATAAAGTCAATT-TTTGTCACATTTCATCGCCGGGCTTACTGTGAAACGATCCCGGAAGCCGTTGGTGACGGGCGTGACCATAACTGTGGACAATCGAATTGACAAAAACGAGAGAAAAATCGAATACCCACCATTT-TTAACGTTTCAAAGTTGCAATAAAAACCGCTAATATACGAATGACTAACTATCAGTAGCGTTATCCCTATTTCTGGAGATATTCCTTTGATCAACGTTCTACTTGTTGATGACCACGAACTGGTGCGCGCAGGGATA,4
23,GCGGGCTGATTTTCATTTTTGCTGAATAAAGGTAATTTTTGTCACATTACGTCGCAGGGCTTACTGTGAAACGATCCGGTAAGCCGTTGGTGACGGGCGTGACCATAACTGTGGACAATCGAATGAACAAAAACGAGAGAAAAATCGAATACCCACCATTTTTAACGTTTCAAAGTTGCAATAAAAACCGCTAATATACGAATGACTAACTATCAGTAGCGTTATCCCTATTTCTGGAGATATTCCTTTGATCAACGTTCTACTTGTTGATGACCACGAACTGGTGCGCGCAGGGATA,7,GCGGGCTGA-TTTTCATTTTTGCTGAATAAAGTCAATT-TTTATCACATTTCATCGTAGGGCTTACTGTGAAACGATCCGGTAAGCCGTTGGTGACGGGCGTGACCATAACTGTGGACAATCGAATTGACAAAAACGAGAGAAAAATCGAATACCCACCATTT-TTAACGTTTCAAAGTTGCAATAAAAACCGCTAATATACGAATGACTAACTATCAGTAGCGTTATCCCTATTTCTGGAGATATTCCTTTGATCAACGTTCTACTTGTTGATGACCACGAACTGGTGCGCGCAGGGATA,1
24,GCTGATTTTTCATTTGTGCTGAATAAAGTCAATTTTTGTCACATCTCGCCGTTGGTTGTGCTGTGAAACGAACCGGCAAACCTTTGATGACGGGCGTGATCATAACTGTGGACAATCGAATTTACAAAAACGAGAGAAAAATCGAATACCCACCATTTTTAACGTTTCAAAGTTGCAATAAAACCCGCTAATATACTAATGACTAACTATCAGTAGCGTTATCCCTATTTCTGGAGATATTCCTTTGATCAACGTTCTACTTGTTGATGACCACGAACTGGTGCGCGCAGGGATA,7,GCGGGCTGA-TTTTCATTTTTGCTGAATAAAGGTAATT-TTTGTCACATTTCGTCGCAAGGCTTACTGTGAAACGATCCGGTCAGCCGTTGGTGACGGGCGTGACCATAACTGTGGACAATCGAATTGACAAAAACGAGAGAAAAATCGAATACCCACCATTT-TTAACGTTTCAAAGTTGCAATAAAAACCGCTAATATACGAATGACTAACTATCAGTAGCGTTATCCCTATTTCTGGAGATATTCCTTTGATCAACGTTCTACTTGTTGATGACCACGAACTGGTGCGCGCAGGGATA,6
26,GCGGGCTGATTTTCATTTTTGCTGAATAAAGTCAATTTTTGTCACATTTCGTCGCAGTGCTTACTGTGAAACGATCCCGGAAGCCGTTGGTGACGGGCGTGACCATAACTGTGGACAATCGAATTGACAAAAACGAGAGAAAAATCGAATACCCACCATTTTTAACGTTTCAAAGTTGCAATAAAAACCGCTAATATACGAATGACTAACTATCAGTAGCGTTATCCCTATTTCTGGAGATATTCCTTTGATCAACGTTCTACTTGTTGATGACCACGAACTGGTGCGCGCAGGGATA,4,GCGGGCTGA-TTTTCATTTTTGCTGAATAAAGTCAATT-TTTTTCACATTTCATCGTAGGGCTTACTGTGAAACGATCCGGTAAGCCGTTGGTGACGGGCGTGACCATAACTGTGGACAATCGAATTGACAAAAACGAGAGAAAAATCGAATACCCACCATTT-TTAACGTTTCAAAGTTGCAATAAAAACCGCTAATATACGAATGACTAACTATCAGTAGCGTTATCCCTATTTCTGGAGATATTCCTTTGATCAACGTTCTACTTGTTGATGACCACGAACTGGTGCGCGCAGGGATA,1
27,GCGGGCTGATTTTCATTTTTGCTGAATAAAGTCAATTTTTGTCACATTTCATCGCCGGGCTTACTGTGAAACGATCCGGTAAGCCGTTGGTGACGGGCGTGACCATAACTGTGGACAATCGAATTTACAAAAACGAGAGAAAAATCGAATACCCACCATTTTTAACGTTTCAAAGTTGCAATAAAAACCGCTAATATACGAATGACTAACTATCAGTAGCGTTATCCCTATTTCTGGAGATATTCCTTTGATCAACGTTCTACTTGTTGATGACCACGAACTGGTGCGCGCAGGGATA,4,GCGGGCTGA-TTTTCATTTTTGCTGAATAAAGGTAATT-TTTGTCACATTTCGTCGCAGTGCTTACTGTGAAACGATCCGGTAAGCCGTTGGTGACGGGCGTGACCATAACTGTGGACAATCGAATTGACAAAAACGAGAGAAAAATCGAATACCCACCATTT-TTAACGTTTCAAAGTTGCAATAAAAACCGCTAATATACGAATGACTAACTATCAGTAGCGTTATCCCTATTTCTGGAGATATTCCTTTGATCAACGTTCTACTTGTTGATGACCACGAACTGGTGCGCGCAGGGATA,5
28,GCGGGCTGATTTTCATTTTTGCTGAATAAAGTCAATTTTTGTCACATTTCATCGCAGGGCTTACTGTGAAACGATCCCGGAAGCCGTTGGTGACGGGCGTGACCATAACTGTGGACAATCGAATTGACAAAAACGAGAGAAAAATCGAATACCCACCATTTTTAACGTTTCAAAGTTGCAATAAAAACCGCTAATATACGAATGACTAACTATCAGTAGCGTTATCCCTATTTCTGGAGATATTCCTTTGATCAACGTTCTACTTGTTGATGACCACGAACTGGTGCGCGCAGGGATA,3,----GCTGA-TTTTCATTTTTGCTGAATAAAGTCAATT-TTTGTCACATTTTGTCGTTGGTTTTACCATAGAATGAACCAACAAATCTTTGGTGACGGGCGTGATCATAACTGTGGACAATCGAATTTACGAAAACGAGAGAAAAATCGAATACCCACCATTT-TTAACGTTTCAAAGTTGCAATAAAACCCGCTAATATACGAATGACTAACTATCAGTAGCGTTATCCCTATTTCTGGAGATATTCCTTTGATCAACGTTCTACTTGTTGATGACCACGAACTGGTGCGCGCAGGGATA,25
29,GCGGGCTGATTTTCATTTTTGCTGAATAAAGTCAATTTTTATCACATTTCATCGTAGGGCTTACTGTGAAACGATCCGGTAAGCCGTTGGTGACGGGCGTGACCATAACTGTGGACAATCGAATTGACAAAAACGAGAGAAAAATCGAATACCCACCATTTTTAACGTTTCAAAGTTGCAATAAAAACCGCTAATATACGAATGACTAACTATCAGTAGCGTTATCCCTATTTCTGGAGATATTCCTTTGATCAACGTTCTACTTGTTGATGACCACGAACTGGTGCGCGCAGGGATA,3,GCGGGCTGA-TTTTCATT-TTGCTGAATAAAGTCAATT--TTGTCACATTTCATCGCCGGGCTTACTGTGAAACGATCCCGGAAGCCGTTGGTGACGGGCGTGACCATAACTGTGGACAATCGAATTGACAAAAACGAGAGAAAAATCGAATACCCACCATTT-TTAACGTTTCAAAGTTGCAATAAAAACCGCTAATATACGAATGACTAACTATCAGTAGCGTTATCCCTATTTCTGGAGATATTCCTTTGATCAACGTTCTACTTGTTGATGACCACGAACTGGTGCGCGCAGGGATA,6
30,GCGGGCTGATTTTCATTTTTGCTGAATAAAGTCAATTTTTGTCACATTTCGTCGCAGGGCTTGCTGTGAAACGATCCGGTAAGCCGTTGGTGACGGGCGTGACCATAACTGTGGACAATCGAATTGACAAAAACGAGAGAAAAATCGAATACCCACCATTTTTAACGTTTCAAAGTTGCAATAAAAACCGCTAATATACGAATGACTAACTATCAGTAGCGTTATCCCTATTTCTGGAGATATTCCTTTGATCAACGTTCTACTTGTTGATGACCACGAACTGGTGCGCGCAGGGATA,2,----GCTGATTTTTCATTTGTGCTGAATAAAGTCAATT-TTTGTCACATCTCGCCGTTGGTCGTGCTGTGAAACGAACCGGCAAACCTTTGATGACGGGCGTGATCATAACTGTGGACAATCGAATTTACAAAAACGAGAGAAAAATCGAATACCCACCATTT-TTAACGTTTCAAAGTTGCAATAAAACCCGCTAATATACTAATGACTAACTATCAGTAGCGTTATCCCTATTTCTGGAGATATTCCTTTGATCAACGTTCTACTTGTTGATGACCACGAACTGGTGCGCGCAGGGATA,22
31,GCTGATTCTCATTTTTGCTGAATAAAGTCAATTTTTGTCACATTTCGTCGTTGGTTTTACCATAGAATGAACCAACAAATCTTTGGTGACGGGCGTGATCATAACTGTGGACAATCGAATTTACGAAAACGAGAGAAAAATCGAATACCCACCATTTTTAACGTTTCAAAGTTGCAATAAAACCCGCTAATATACGAATGACTAACTATCAGTAGCGTTATCCCTATTTCTGGAGATATTCCTTTGATCAACGTTCTACTTGTTGATGACCACGAACTGGTGCGCGCAGGGATA,2,GCGGGCTGA-TTTTCATTTTTGCTGAATAAAGTCAATT-TTTGTCACATTTCATCGTAGGGCTTACTGTGAAACGATCCGATAAGCCGTTGGTGACGGGCGTGACCATAACTGTGGACAATCGAATTGACAAAAACGAGAGAAAAATCGAATACCCACCATTT-TTAACGTTTCAAAGTTGCAATAAAAACCGCTAATATACGAATGACTAACTATCAGTAGCGTTATCCCTATTTCTGGAGATATTCCTTTGATCAACGTTCTACTTGTTGATGACCACGAACTGGTGCGCGCAGGGATA,1
32,GCGGGCTGATTTTCATTTTTGCTGAATAAAGTCAATTTTTGTCACATTTCGTCGCAGGGCTTACTGTGAAACGATCCGGTAAGCCGTTGGTGACGGGCGTGACCATAACTGTGGACAATCGAATTGACAAAAACGAGAGAAAAATCGAATACCCACCATTTTTAACGTTTCAAAGTTGCAATAAAAACCGCTAATATACGAATGACTAACTATCAGTAGCGTTATCCCTATTTCTGGAGATATTCCTTTGATCAACGTTCTACTTGTTGATGACCACGAACTGGTGCGCGCAGGGATA,2,GCGGGCTGA-TTTTCATTTTTGCTGAATAAAGGTAATT-TTTGTCACATTTCGTCGCAGGGCTTACTGTGAAACGATCCGGTAAGCCGTTGGTGACGGGCGTGACCATAACTGTGGACAATCGAATTGACAAAAACGAGAGAAAAATCGAATACCCACCATTT-TTAACGTTTCAAAGTTGCAATAAAAACCGCTAATATACGAATGACTAACTATCAGTAGCATTATCCCTATTTCTGGAGATATTCCTTTGATCAACGTTCTACTTGTTGATGACCACGAACTGGTGCGCGCAGGGATA,5
33,GCGGGCTGATTTTCATTTTTGCTGAATAAAGTCAATTTTTGTCACATTTCATCGCAGGGCTTACTGTGAAACGATCCCTGAAGCCGTTGGTGACGGGCGTGACCATAACTGTGGACAATCGAATTTACAAAAACGAGAGAAAAATCGAATACCCACCATTTTTAACGTTTCAAAGTTGCAATAAAAACCGCTAATATACGAATGACTAACTATCAGTAGCGTTATCCCTATTTCTGGAGATATTCCTTTGATCAACGTTCTACTTGTTGATGACCACGAACTGGTGCGCGCAGGGATA,2,----GCTGA-TTCTCATTTTTGCTGAATAAAGTCAATT-TTTGTCACATTTCGTCGTTGGTTTTACCATAGAATGAACCAACAAATCTTTGGTGACGGGCGTGATCATAACTGTGGACAATCGAATTTACGAAAACGAGAGAAAAATCGAATACCCACCATTT-TTAACGTTTCAAAGTTGCAATAAAACCCGCTAATATACGAATGACTAACTATCAGTAGCGTTATCCCTATTTCTGGAGATATTCCTTTGATCAACGTTCTACTTGTTGATGACCACGAACTGGTGCGCGCAGGGATA,25
34,GCGGGCTGATTTTCATTTTTGCTGAATAAAGTCAATTTTTGTCACATTTCATCGTAGGGATTACTGTGAAACGATCCGGTAAGCCGTTGGTGACGGGCGTGACCATAACTGTGGACAATCGAATTGACAAAAACGAGAGAAAAATCGAATACCCACCATTTTTAACGTTTCAAAGTTGCAATAAAAACCGCTAATATACGAATGACTAACTATCAGTAGCGTTATCCCTATTTCTGGAGATATTCCTTTGATCAACGTTCTACTTGTTGATGACCACGAACTGGTGCGCGCAGGGATA,2,----GCTGATTTTTCATTTATGCTGAATAAAGTCAATT-TTTGTCACATTTCGTCGTTGGCCTTACTGCGAAACGCGCTGGCAAACCTTTGATGACGGACGTGACGATAACTCTGGACAATCGAATTTACAAAAACGAGAGAAAAATCGAATACCCACCATTT-TTAACGTTTCAAAGTTGCAATAAAAACCGCTAATATACGAATGACTAACTATCAGTAGCGTTATCCCTATTTCTGGAGATATTCCTTTGATCAACGTTCTACTTGTTGATGACCACGAACTGGTGCGCGCAGGGATA,21
35,GCGGGCTGATTTTCATTTTTGCTGAATAAAGTCAATTTTTGTCACATTTCATCGCCGGGCTTACTGTGCAACGATCCCGGAAGCCGTTGGTGACGGGCGTGACCATAACTGTGGACAATCGAATTGACAAAAACGAGAGAAAAATCGAATACCCACCATTTTTAACGTTTCAAAGTTGCAATAAAAACCGCTAATATACGAATGACTAACTATCAGTAGCGTTATCCCTATTTCTGGAGATATTCCTTTGATCAACGTTCTACTTGTTGATGACCACGAACTGGTGCGCGCAGGGATA,2,GCGGGCTGA-TTTTCATTTTTGCTGAATAAAGTCAATT-TTTGTCACATTTCGTCGCAGGGCTTGCTGTGAAACGATCCGGTAAGCCGTTGGTGACGGGCGTGACCATAACTGTGGACAATCGAATTGACAAAAACGAGAGAAAAATCGAATACCCACCATTT-TTAACGTTTCAAAGTTGCAATAAAAACCGCTAATATACGAATGACTAACTATCAGTAGCGTTATCCCTATTTCTGGAGATATTCCTTTGATCAACGTTCTACTTGTTGATGACCACGAACTGGTGCGCGCAGGGATA,3
36,GCGGGCTGATTTTCATTTTTGCTGAATAAAGTCAATTTTTGTCACATTTCATCGCAGGGCTTACTGTGAAACGATCCGGTAAGCCGTTGGTGACGGGCGTGACCATAACTGTGGACAATCGAATTGACAAAAACGAGAGAAAAATCGAATACCCACCATTTTTAACGTTTCAAAGTTGCAATAAAAACCGCTAATATACGAATGACTAACTATCAGTAGCGTTATCCCTATTTCTGGAGATATTCCTTTGATCAACGTTCTACTTGTTGATGACCACGAACTGGTGCGCGCAGGGATA,2,GCGGGCTGA-TTTTCATTTTTGCTGAATAAAGTCAATT-TTTGTCACATTTCATCGTAGGGCTTACTGTGAAACGATCGGGTAAGCCGTTGGTGACGGGCGTGACCATAACTGTGGACAATCGAATTGACAAAAACGAGAGAAAAATCGAATACCCACCATTT-TTAACGTTTCAAAGTTGCAATAAAAACCGCTAATATACGAATGACTAACTATCAGTAGCGTTATCCCTATTTCTGGAGATATTCCTTTGATCAACGTTCTACTTGTTGATGACCACGAACTGGTGCGCGCAGGGATA,1
37,GCGGGCTGATTTTCATTTTGCTGAATAAAGTCAATTTTGTCACATTTCATCGCCGGGCTTACTGTGAAACGATCCCGGAAGCCGTTGGTGACGGGCGTGACCATAACTGTGGACAATCGAATTGACAAAAACGAGAGAAAAATCGAATACCCACCATTTTTAACGTTTCAAAGTTGCAATAAAAACCGCTAATATACGAATGACTAACTATCAGTAGCGTTATCCCTATTTCTGGAGATATTCCTTTGATCAACGTTCTACTTGTTGATGACCACGAACTGGTGCGCGCAGGGATA,2,GCGGGCTGA-TTTTCATTTTTGCTGAATAAAGTCAATT-TTTGTCACATTTCGTCGCAGGGCTTACTGTGAAACGATCCGGTAAGCCGTTGGTGACGGGCGTGACCATAACTGTGGACAATCGAATTGACAAAAACGAGAGAAAAATCGAATACCCACCATTT-TTAACGTTTCAAAGTTGCAATAAAAACCGCTAATATACGAATGACTAACTATCAGTAGCGTTATCCCTATTTCTGGAGATATTCCTTTGATCAACGTTCTACTTGTTGATGACCACGAACTGGTGCGCGCAGGGATA,2
38,GCGGGCTGATTTTCATTTTTGCTGAATAAAGTCAATTTTTTTCACATTTCATCGTAGGGCTTACTGTGAAACGATCCGGTAAGCCGTTGGTGACGGGCGTGACCATAACTGTGGACAATCGAATTGACAAAAACGAGAGAAAAATCGAATACCCACCATTTTTAACGTTTCAAAGTTGCAATAAAAACCGCTAATATACGAATGACTAACTATCAGTAGCGTTATCCCTATTTCTGGAGATATTCCTTTGATCAACGTTCTACTTGTTGATGACCACGAACTGGTGCGCGCAGGGATA,2,GCGGGCTGA-TTTTCATTTTTGCTGAATAAAGGTAATT-TTTGTCACATTTCGTCGCAGGGCTTACTGTGAAACGATCCGGTAAGCCGTTGGTGACGGGCGTGACCATAACTATGGACAATCGAATTGACAAAAACGAGAGAAAAATCGAATACCCACCATTT-TTAACGTTTCAAAGTTGCAATAAAAACCGCTAATATACGAATGACTAACTATCAGTAGCGTTATCCCTATTTCTGGAGATATTCCTTTGATCAACGTTCTACTTGTTGATGACCACGAACTGGTGCGCGCAGGGATA,5
39,GCGGGCTGATTTTCATTTTTGCTGAATAAAGGTAATTTTTGTCACATTTCGTCGCAGTGCTTACTGTGAAACGATCCGGTAAGCCGTTGGTGACGGGCGTGACCATAACTGTGGACAATCGAATTGACAAAAACGAGAGAAAAATCGAATACCCACCATTTTTAACGTTTCAAAGTTGCAATAAAAACCGCTAATATACGAATGACTAACTATCAGTAGCGTTATCCCTATTTCTGGAGATATTCCTTTGATCAACGTTCTACTTGTTGATGACCACGAACTGGTGCGCGCAGGGATA,2,GCGGGCTGA-TTTTCATTTTTGCTGAATAAAGTCAATT-TTTGTCACATTTCATCGTAGGGATTACTGTGAAACGATCCGGTAAGCCGTTGGTGACGGGCGTGACCATAACTGTGGACAATCGAATTGACAAAAACGAGAGAAAAATCGAATACCCACCATTT-TTAACGTTTCAAAGTTGCAATAAAAACCGCTAATATACGAATGACTAACTATCAGTAGCGTTATCCCTATTTCTGGAGATATTCCTTTGATCAACGTTCTACTTGTTGATGACCACGAACTGGTGCGCGCAGGGATA,1
40,AATTTCCAAAAACGAGAGCAAAATCTAATGACGGGCATTTTAACATTTCAAAGTTGGGGTAAAACCCGCTAATATAGGGACGACATAATATCAGTAGCGTTATCCCTATTCTGGAGATATTCCTTTGATCAACGTTCTTCTTGTTGATGACCACGAACTGGTGCGCGCAGGGATA,2,GCGGGCTGA-TTTTCATTTTTGCTGAATAAAGTCAATT-TTTGTCACATTTCATCGCCGGGCTTACTGTGCAACGATCCCGGAAGCCGTTGGTGACGGGCGTGACCATAACTGTGGACAATCGAATTGACAAAAACGAGAGAAAAATCGAATACCCACCATTT-TTAACGTTTCAAAGTTGCAATAAAAACCGCTAATATACGAATGACTAACTATCAGTAGCGTTATCCCTATTTCTGGAGATATTCCTTTGATCAACGTTCTACTTGTTGATGACCACGAACTGGTGCGCGCAGGGATA,5
41,GCGGGCTGATTTTCATTTTTGCTGAATAAAGGTAATTTTTGTCACATTTCGTCGCAAGGCTTACTGTGAAACGATCCGGTCAGCCGTTGGTGACGGGCGTGACCATAACTGTGGACAATCGAATTGACAAAAACGAGAGAAAAATCGAATACCCACCATTTTTAACGTTTCAAAGTTGCAATAAAAACCGCTAATATACGAATGACTAACTATCAGTAGCGTTATCCCTATTTCTGGAGATATTCCTTTGATCAACGTTCTACTTGTTGATGACCACGAACTGGTGCGCGCAGGGATA,2,GCGGGCTGA-TTTTCATTTTTGCTGAATAAAGTCAATT-TTTGTCACATTTCATCGCAGGGCTTACTGTGAAACGATCCCTGAAGCCGTTGGTGACGGGCGTGACCATAACTGTGGACAATCGAATTTACAAAAACGAGAGAAAAATCGAATACCCACCATTT-TTAACGTTTCAAAGTTGCAATAAAAACCGCTAATATACGAATGACTAACTATCAGTAGCGTTATCCCTATTTCTGGAGATATTCCTTTGATCAACGTTCTACTTGTTGATGACCACGAACTGGTGCGCGCAGGGATA,5
42,GCTGATTTTCATTTTTGCTGAATAAAGTCAATTTTTGTCACATTTTGTCGTTGGTTTTACCATAGAATGAACCAACAAATCTTTGGTGACGGGCGTGATCATAACTGTGGACAATCGAATTTACGAAAACGAGAGAAAAATCGAATACCCACCATTTTTAACGTTTCAAAGTTGCAATAAAACCCGCTAATATACGAATGACTAACTATCAGTAGCGTTATCCCTATTTCTGGAGATATTCCTTTGATCAACGTTCTACTTGTTGATGACCACGAACTGGTGCGCGCAGGGATA,2,GCGGGCTGA-TTTTCATTTTTGCTGAATAAAGTCAATT-TTTGTCACATTTCATCGCAGGGCTTACTGTGAAACGATCCGGTAAGCCGTTGGTGACGGGCGTGACCATAACTGTGGACAATCGAATTGACAAAAACGAGAGAAAAATCGAATACCCACCATTT-TTAACGTTTCAAAGTTGCAATAAAAACCGCTAATATACGAATGACTAACTATCAGTAGCGTTATCCCTATTTCTGGAGATATTCCTTTGATCAACGTTCTACTTGTTGATGACCACGAACTGGTGCGCGCAGGGATA,1
43,GCGGGCTGATTTTCATTTTTGCTGAATAAAGTCAATTTTTGTCACATTTCATCGTAGGGCTTACTGTGAAACGATCCGGTAAGCCGTTGGTGACGGGCGTGACCATAACTGTGAACAATCGAATTGACAAAAACGAGAGAAAAATCGAATACCCACCATTTTTAACGTTTCAAAGTTGCAATAAAAACCGCTAATATACGAATGACTAACTATCAGTAGCGTTATCCCTATTTCTGGAGATATTCCTTTGATCAACGTTCTACTTGTTGATGACCACGAACTGGTGCGCGCAGGGATA,1,GCGGGCTGA-TTTTCATTTTTGCTGAATAAAGTCAATT-TTTGTCACATTTCATCGCAAGGCTTACTGTGAAACGATCCCGGAAGCCGTTGGTGACGGGCGTGACCATAACTGTGGACAATCGAATTTACAAAAACGAGAGAAAAATCGAATACCCACCATTT-TTAACGTTTCAAAGTTGCAATAAAAACCGCTAATATACGAATGACTAACTATCAGTAGCGTTATCCCTATTTCTGGAGATATTCCTTTGATCAACGTTCTACTTGTTGATGACCACGAACTGGTGCGCGCAGGGATA,5
44,GCGAGCTGATTTTCATTTTTGCTGAATAAAGTCAATTTTTGTCACATTTCATCGCCGGGCTTACTGTGAAACGATCCCGGAAGCCGTTGGTGACGGGCGTGACCATAACTGTGGACAATCGAATTTACAAAAACGAGAGAAAAATCGAATACCCACCATTTTTAACGTTTCAAAGTTGCAATAAAAACCGCTAATATACGAATGACTAACTATCAGTAGCGTTATCCCTATTTCTGGAGATATTCCTTTGATCAACGTTCTACTTGTTGATGACCACGAACTGGTGCGCGCAGGGATA,1,GCGGGCTGA-TTTTCATTTTTGCTGAATAAAGTCAATT-TTTGTCACATTTCATCGTAGGGCTTACTGTGAAACGATCCGGTAAGCCGTTGGTGACGGGCGTGAACATAACTGTGGACAATCGAATTGACAAAAACGAGAGAAAAATCGAATACCCACCATTT-TTAACGTTTCAAAGTTGCAATAAAAACCGCTAATATACGAATGACTAACTATCAGTAGCGTTATCCCTATTTCTGGAGATATTCCTTTGATCAACGTTCTACTTGTTGATGACCACGAACTGGTGCGCGCAGGGATA,1
45,GCGGGCTGATTTTCATTTTTGCTGAATAAAGGTAATTTTTGTCACATTTCGTCGCAGGGCTTACTGTGAAACGATCCGGTAAGCCGTTGGTGACGGGCGTGACCATAACTGTGGACAATCGAATTGACAAAAACGAGAGAAAAATTGAATACCCACCATTTTTAACGTTTCAAAGTTGCAATAAAAACCGCTAATATACGAATGACTAACTATCAGTAGCGTTATCCCTATTTCTGGAGATATTCCTTTGATCAACGTTCTACTTGTTGATGACCACGAACTGGTGCGCGCAGGGATA,1,GCGGGCTGA-TTTTCATTTTTGCTGAATAAAGTCAATT-TTTGTCACATTTCATCGTAGGGCTTACTGTGAAACGATCCGGTAAGCCGTTGGTGACGGGCGTGACCATAACTGTGGACAATCGAATTGACAAAAACGAGAGAAAAATCGAATACCCACCATTT-TTAACGTTTCAAAGTTGCAATAAAAACCGCTAATATGCGAATGACTAACTATCAGTAGCGTTATCCCTATTTCTGGAGATATTCCTTTGATCAACGTTCTACTTGTTGATGACCACGAACTGGTGCGCGCAGGGATA,1
46,GCGGGATGATTTTCATTTTTGCTGAATAAAGTCAATTTTTGTCACATTTCATCGTAGGGCTTACTGTGAAACGATCCGGTAAGCCGTTGGTGACGGGCGTGACCATAACTGTGGACAATCGAATTTACAAAAACGAGAGAAAAATCGAATACCCACCATTTTTAACGTTTCAAAGTTGCAATAAAAACCGCTAATATACGAATGACTAACTATCAGTAGCGTTATCCCTATTTCTGGAGATATTCCTTTGATCAACGTTCTACTTGTTGATGACCACGAACTGGTGCGCGCAGGGATA,1,GCGGGCTGA-TTTTCATT-TTGCTGAATAAAGTCAATTTTTTGTCACATTTCATCGCAGGGCTTACAGTGAAACGATCCCGGAAGCCGTTGGTGACGGGCGTGACCATAACTGTGGACAATCGAATTTACAAAAACGAGAGAAAAATCGAATACCCACCATTT-TTAACGTTTCAAAGTTGCAATAAAAACCGCTAATATACGAATGACTAACTATCAGTAGCGTTATCCCTATTTCTGGAGATATTCCTTTGATCAACGTTCTACTTGTTGATGACCACGAACTGGTGCGCGCAGGGATA,7
48,GCGGGCTGATTTTCATTTTTGCTGAATAAAGTCAATTTTTGTCACATTTCATCGTAGGGCTTACTGTGAAACGATCCGGTAAGCCGTTGGTGACGGGCGTGACCATAACTGTGGACAATCGAATTGACAAAAACGAGAGAAAAATCGAATACCCACCATTTTTAACGTTTCAAAGTTGCAATAAAAACCGCTAATATGCGAATGACTAACTATCAGTAGCGTTATCCCTATTTCTGGAGATATTCCTTTGATCAACGTTCTACTTGTTGATGACCACGAACTGGTGCGCGCAGGGATA,1,GCGGGCTGA-TTTTCATTTTTGCTGAATAAAGTCAATT-TTTGTCACATTTCATCGTAGGGCTTACTGTGAAACGATCCGGTAAGCCGTTGGTGACGGGCGTGACCATAACTGTGAACAATCGAATTGACAAAAACGAGAGAAAAATCGAATACCCACCATTT-TTAACGTTTCAAAGTTGCAATAAAAACCGCTAATATACGAATGACTAACTATCAGTAGCGTTATCCCTATTTCTGGAGATATTCCTTTGATCAACGTTCTACTTGTTGATGACCACGAACTGGTGCGCGCAGGGATA,1
49,GCGGGCTGATTTTCATTTTGCTGAATAAAGTCAATTTTTTGTCACATTTCATCGCAGGGCTTACAGTGAAACGATCCCGGAAGCCGTTGGTGACGGGCGTGACCATAACTGTGGACAATCGAATTTACAAAAACGAGAGAAAAATCGAATACCCACCATTTTTAACGTTTCAAAGTTGCAATAAAAACCGCTAATATACGAATGACTAACTATCAGTAGCGTTATCCCTATTTCTGGAGATATTCCTTTGATCAACGTTCTACTTGTTGATGACCACGAACTGGTGCGCGCAGGGATA,1,GCGGGCTTA-TTTTCATTTTTGCTGAATAAAGTCAATT-TTTGTCACATTTCATCGCCGGGCTTACTGTGAAACGATCCCGGAAGCCGTTGGTGACGGGCGTGACCATAACTGTGGACAATCGAATTGACAAAAACGAGAGAAAAATCGAATACCCACCATTT-TTAACGTTTCAAAGTTGCAATAAAAACCGCTAATATACGAATGACTAACTATCAGTAGCGTTATCCCTATTTCTGGAGATATTCCTTTGATCAACGTTCTACTTGTTGATGACCACGAACTGGTGCGCGCAGGGATA,5
50,GGGCTTACTGTGAAACGATCCCGGAAGCCGTTGGTGACGGGCGTGACCATAACTGTGGACAATCGAATTGACAAAAACGAGAGAAAAATCGAATACCCACCATTTTTAACGTTTCAAAGTTGCAATAAAAACCGCTAATATACGAATGACTAACTATCAGTAGCGTTATCCCTATTTCTGGAGATATTCCTTTGATCAACGTTCTACTTGTTGATGACCACGAACTGGTGCGCGCAGGGATA,1,GCGGGCTGA-TTTTCATTTTTGCTGAATAAAGTCAATT-TTTGTCACATTTCATCGTAGGGCTTACTGTGAAACGATCCGGTAAGCCGTTGGTGACGGGCGTGACCATAACTGTGGTCAATCGAATTGACAAAAACGAGAGAAAAATCGAATACCCACCATTT-TTAACGTTTCAAAGTTGCAATAAAAACCGCTAATATACGAATGACTAACTATCAGTAGCGTTATCCCTATTTCTGGAGATATTCCTTTGATCAACGTTCTACTTGTTGATGACCACGAACTGGTGCGCGCAGGGATA,1
51,GCGGGCTTATTTTCATTTTTGCTGAATAAAGTCAATTTTTGTCACATTTCATCGCCGGGCTTACTGTGAAACGATCCCGGAAGCCGTTGGTGACGGGCGTGACCATAACTGTGGACAATCGAATTGACAAAAACGAGAGAAAAATCGAATACCCACCATTTTTAACGTTTCAAAGTTGCAATAAAAACCGCTAATATACGAATGACTAACTATCAGTAGCGTTATCCCTATTTCTGGAGATATTCCTTTGATCAACGTTCTACTTGTTGATGACCACGAACTGGTGCGCGCAGGGATA,1,----------------------------------------------------------GGGCTTACTGTGAAACGATCCCGGAAGCCGTTGGTGACGGGCGTGACCATAACTGTGGACAATCGAATTGACAAAAACGAGAGAAAAATCGAATACCCACCATTT-TTAACGTTTCAAAGTTGCAATAAAAACCGCTAATATACGAATGACTAACTATCAGTAGCGTTATCCCTATTTCTGGAGATATTCCTTTGATCAACGTTCTACTTGTTGATGACCACGAACTGGTGCGCGCAGGGATA,58
52,GCGGGCTGATTTTCATTTTTGCTGAATAAAGTCAATTTTTGTCACATTTCATCGCAAGGCTTACTGTGAAACGATCCCGGAAGCCGTTGGTGACGGGCGTGACCATAACTGTGGACAATCGAATTTACAAAAACGAGAGAAAAATCGAATACCCACCATTTTTAACGTTTCAAAGTTGCAATAAAAACCGCTAATATACGAATGACTAACTATCAGTAGCGTTATCCCTATTTCTGGAGATATTCCTTTGATCAACGTTCTACTTGTTGATGACCACGAACTGGTGCGCGCAGGGATA,1,GCGGGCTGA-TTTTCATTTTTGCTGAATAAAGTCAATT-TTTGTCACATTTCATCGTAGGGCTTACTGTGAAACGATCCGGTAAGCCGTTGGTGACGGGCGTGGCCATAACTGTGGACAATCGAATTGACAAAAACGAGAGAAAAATCGAATACCCACCATTT-TTAACGTTTCAAAGTTGCAATAAAAACCGCTAATATACGAATGACTAACTATCAGTAGCGTTATCCCTATTTCTGGAGATATTCCTTTGATCAACGTTCTACTTGTTGATGACCACGAACTGGTGCGCGCAGGGATA,1
53,GCGGGCTGATTTTCATTTTTGCTGAATAAAGTCAATTTTTGTCACATTTCATCGTAGGGCTTACTGTGAAACGATCTGGTAAGCCGTTGGTGACGGGCGTGACCATAACTGTGGACAATCGAATTGACAAAAACGAGAGAAAAATCGAATACCCACCATTTTTAACGTTTCAAAGTTGCAATAAAAACCGCTAATATACGAATGACTAACTATCAGTAGCGTTATCCCTATTTCTGGAGATATTCCTTTGATCAACGTTCTACTTGTTGATGACCACGAACTGGTGCGCGCAGGGATA,1,GCGGGCTGA-TTTTCATTTTTGCTGAATAAAGGTAATT-TTTGTCACATTTCGTCGCAGGGCTTACTGTGAAACGATCCGGTAAGCCGTTGGTGACGGGCGTGACCATAACTGTGGACAATCGAATTGACAAAAACGAGAGAAAAATTGAATACCCACCATTT-TTAACGTTTCAAAGTTGCAATAAAAACCGCTAATATACGAATGACTAACTATCAGTAGCGTTATCCCTATTTCTGGAGATATTCCTTTGATCAACGTTCTACTTGTTGATGACCACGAACTGGTGCGCGCAGGGATA,5
55,GCGGGCTGATTTTCATTTTTGCTGAATAAAGTCAATTTTTGTCACATTTCATCGTAGGGCTTACTGTGAAACGATCCGGTAAGCCGTTGGTGACGGGCGTGACCATAACTGTGGTCAATCGAATTGACAAAAACGAGAGAAAAATCGAATACCCACCATTTTTAACGTTTCAAAGTTGCAATAAAAACCGCTAATATACGAATGACTAACTATCAGTAGCGTTATCCCTATTTCTGGAGATATTCCTTTGATCAACGTTCTACTTGTTGATGACCACGAACTGGTGCGCGCAGGGATA,1,GCGGGCTGA-TTTTCATTTTTGCTGAATAAAGTCAATT-TTTGTCACATTTCATCGTAGGGCTTACTGTGAAACGATCCGGTAAGCCGTTGGTGACGGGCGTGACCATAACTGTGGACAATCGAATTGACAA-AACGAGAGAAAAATCGAATACCCACCATTT-TTAACGTTTCAAAGTTGCAATAAAAACCGCTAATATACGAATGACTAACTATCAGTAGCGTTATCCCTATTTCTGGAGATATTCCTTTGATCAACGTTCTACTTGTTGATGACCACGAACTGGTGCGCGCAGGGATA,1
56,GGCGTGACCATAACTGTGGACAATCGAATTGACAAAAACGAGAGAAAAATCGAATACCCACCATTTTTAACGTTTCAAAGTTGCAATAAAAACCGCTAATATACGAATGACTAACTATCAGTAGCGTTATCCCTATTTCTGGAGATATTCCTTTGATCAACGTTCTACTTGTTGATGACCACGAACTGGTGCGCGCAGGGATA,1,GCGGGCTGA-TTTTCATTTTTGCTGAATAAAGTCAATT-TTTGTCACATTTCGTCGCAGGGCTTACTGTGAAACGATCCCGGAAGCCGTTGGTGACGGGCGTGACCATAACTGTGGACAATCGAATTGACAAAAACGAGAGAAAAATCGAATACCCACCATTT-TTAACGTTTCAAAGTTGCAATAAAAACCGCTAATATACGAATGACTAACTATCAGTAGCGTTATCCCTATTTCTGGAGATATTCCTTTGATCAACGTTCTACTTGTTGATGACCACGAACTGGTGCGCGCAGGGATA,4
57,GCGGGCTGATTTTCATTTTTGCTGAATAAAGTCAATTTTTGTCACATTTCATCGTAGGGCTTACTGTGAAACGATCCGGTAAGCCGTTGGTGACGGGCGTGACCATAACTGTGGACAATCGAATTGACAAAACGAGAGAAAAATCGAATACCCACCATTTTTAACGTTTCAAAGTTGCAATAAAAACCGCTAATATACGAATGACTAACTATCAGTAGCGTTATCCCTATTTCTGGAGATATTCCTTTGATCAACGTTCTACTTGTTGATGACCACGAACTGGTGCGCGCAGGGATA,1,---------------------------------------------------------AGGGCTTACTGTGAAACGATCCGGTAAGCCGTTGGTGACGGGCGTGACCATAACTATGGACAATCGAATTGACAAAAACGAGAGAAAAATCGAATACCCACCATTT-TTAACGTTTCAAAGTTGCAATAAAAACCGCTAATATACGAATGACTAACTATCAGTAGCGTTATCCCTATTTCTGGAGATATTCCTTTGATCAACGTTCTACTTGTTGATGACCACGAACTGGTGCGCGCAGGGATA,56
58,GCGGGCTGATTTTCATTTTTGCTGAATAAAGTCAATTTTTGTCACATTTCGTCGCAGGGCTTACTGTGAAACGATCCCGGAAGCCGTTGGTGACGGGCGTGACCATAACTGTGGACAATCGAATTGACAAAAACGAGAGAAAAATCGAATACCCACCATTTTTAACGTTTCAAAGTTGCAATAAAAACCGCTAATATACGAATGACTAACTATCAGTAGCGTTATCCCTATTTCTGGAGATATTCCTTTGATCAACGTTCTACTTGTTGATGACCACGAACTGGTGCGCGCAGGGATA,1,GCGGGCTGA-TTTTCATTTTTGCTGAATAAAGTCAATT-TTTGTCACATTTCATCGTAGGGCTTACTGTGAAACGATCCCGGAAGCCGTTGGTGACGGGCGTGACCATAACTGTGGACAATCGAATTGACAAAAACGAGAGAAAAATCGAATACCCACCATTT-TTAACGTTTCAAAGTTGCAATAAAAACCGCTAATATACGAATGACTAACTATCAGTAGCGTTATCCCTATTTCTGGAGATATTCCTTTGATCAACGTTCTACTTGTTGATGACCACGAACTGGTGCGCGCAGGGATA,2
59,GCGGGCTGATTTTCATTTTTGCTGAATAAAGTCAATTTTTGTCACATTTCATCGCCGGGCTTACAGTGAAACGATCCCGGAAGCCGTTGGTGACGGGCGTGACCATAACTGTGGACAATCGAATTTACAAAAACGAGAGAAAAATCGAATACCCACCATTTTTAACGTTTCAAAGTTGCAATAAAAACCGCTAATATACGAATGACTAACTATCAGTAGCGTTATCCCTATTTCTGGAGATATTCCTTTGATCAACGTTCTACTTGTTGATGACCACGAACTGGTGCGCGCAGGGATA,1,GCGGGATGA-TTTTCATTTTTGCTGAATAAAGTCAATT-TTTGTCACATTTCATCGTAGGGCTTACTGTGAAACGATCCGGTAAGCCGTTGGTGACGGGCGTGACCATAACTGTGGACAATCGAATTTACAAAAACGAGAGAAAAATCGAATACCCACCATTT-TTAACGTTTCAAAGTTGCAATAAAAACCGCTAATATACGAATGACTAACTATCAGTAGCGTTATCCCTATTTCTGGAGATATTCCTTTGATCAACGTTCTACTTGTTGATGACCACGAACTGGTGCGCGCAGGGATA,2
60,GCGGGCTGATTTTCATTTTTGCTGAATAAAGTCAATTTTTGTCACATTTCATCGCAGGGCTTACTGTGAAACGATCCCGGAAGCCGTTGGTGACGGGCGTGACCATAACTGTGGACAATCGAATTTACAAAAACGAGAGAAAAATCGAATACCCACCATTTTTAACGTTTCAAAGTTGCAATAAAAACCGCTAATATACGAATGACTAACTATCAGTAGCGTTATCCCTATTTCTGGAGATATTCCTTTGATCAACGTTCTATTTGTTGATGACCACGAACTGGTGCGCGCAGGGATA,1,GCGGGCTGA-TTTTCATTTTTGCTGAATAAAGTCAATT-TTTGTCACATTTCATCGTAGGGCTTACTGTGAAACGATCTGGTAAGCCGTTGGTGACGGGCGTGACCATAACTGTGGACAATCGAATTGACAAAAACGAGAGAAAAATCGAATACCCACCATTT-TTAACGTTTCAAAGTTGCAATAAAAACCGCTAATATACGAATGACTAACTATCAGTAGCGTTATCCCTATTTCTGGAGATATTCCTTTGATCAACGTTCTACTTGTTGATGACCACGAACTGGTGCGCGCAGGGATA,1
61,GCGGGCTGATTTTCATTTTTGCTGAATAAAGGTAATTTTTGTCACATTTCGTCGCAGGGCTTACTGTGAAACGATCCGGTAAGCCATTGGTGACGGGCGTGACCATAACTGTGGACAATCGAATTGACAAAAACGAGAGAAAAATCGAATACCCACCATTTTTAACGTTTCAAAGTTGCAATAAAAACCGCTAATATACGAATGACTAACTATCAGTAGCGTTATCCCTATTTCTGGAGATATTCCTTTGATCAACGTTCTACTTGTTGATGACCACGAACTGGTGCGCGCAGGGATA,1,GCGAGCTGA-TTTTCATTTTTGCTGAATAAAGTCAATT-TTTGTCACATTTCATCGCCGGGCTTACTGTGAAACGATCCCGGAAGCCGTTGGTGACGGGCGTGACCATAACTGTGGACAATCGAATTTACAAAAACGAGAGAAAAATCGAATACCCACCATTT-TTAACGTTTCAAAGTTGCAATAAAAACCGCTAATATACGAATGACTAACTATCAGTAGCGTTATCCCTATTTCTGGAGATATTCCTTTGATCAACGTTCTACTTGTTGATGACCACGAACTGGTGCGCGCAGGGATA,6
62,AAAAAGGAGAGCAAAATCTAATGACGGACATTTTAACATTTCAAAGTTGGGGTAAAACCCGCTAATATAGGGACGACATAATATCAGTAGCGTTATCCCTATTCTGGAGATATTCCTTTGATCAACGTTCTTCTTGTTGATGACCACGAACTGGTGCGCGCAGGGATA,1,GCGGGCTGA-TTTTCATTTTTGCTGAATAAAGTCAATT-TTTGTCACATTTCATCGCCGGGCTTACAGTGAAACGATCCCGGAAGCCGTTGGTGACGGGCGTGACCATAACTGTGGACAATCGAATTTACAAAAACGAGAGAAAAATCGAATACCCACCATTT-TTAACGTTTCAAAGTTGCAATAAAAACCGCTAATATACGAATGACTAACTATCAGTAGCGTTATCCCTATTTCTGGAGATATTCCTTTGATCAACGTTCTACTTGTTGATGACCACGAACTGGTGCGCGCAGGGATA,6
63,GCTGATTTTTCATTTATGCTGAATAAAGTCAATTTTTGTCACATTTCGTCGTTGGCCTTACTGCGAAACGCGCTGGCAAACCTTTGATGACGGACGTGACGATAACTCTGGACAATCGAATTTACAAAAACGAGAGAAAAATCGAATACCCACCATTTTTAACGTTTCAAAGTTGCAATAAAAACCGCTAATATACGAATGACTAACTATCAGTAGCGTTATCCCTATTTCTGGAGATATTCCTTTGATCAACGTTCTACTTGTTGATGACCACGAACTGGTGCGCGCAGGGATA,1,GCGGGCTGA-TTTTCATTTTTGCTGAATAAAGTCAATT-TTTGTCACATTTCATCGTAGGGCTTACTGTGAAACGATCCGGTAAGCCGTTGGTGACAGGCGTGACCATAACTGTGGACAATCGAATTGACAAAAACGAGAGAAAAATCGAATACCCACCATTT-TTAACGTTTCAAAGTTGCAATAAAAACCGCTAATATACGAATGACTAACTATCAGTAGCGTTATCCCTATTTCTGGAGATATTCCTTTGATCAACGTTCTACTTGTTGATGACCACGAACTGGTGCGCGCAGGGATA,1
64,GCGGGCTGATTTTCATTTTTGCTGAATAAAGTCAATTTTTGTCACATTTCATCGTAGGGCTTACTGTGAAACGATCGGGTAAGCCGTTGGTGACGGGCGTGACCATAACTGTGGACAATCGAATTGACAAAAACGAGAGAAAAATCGAATACCCACCATTTTTAACGTTTCAAAGTTGCAATAAAAACCGCTAATATACGAATGACTAACTATCAGTAGCGTTATCCCTATTTCTGGAGATATTCCTTTGATCAACGTTCTACTTGTTGATGACCACGAACTGGTGCGCGCAGGGATA,1,GCGGGCTGA-TTTTCATTTTTGCTGAATAAAGTCAATT-TTTGTCACATTTCATCGCCGGGCTTACTGTGAAACGATCCCGGAAGCCGTTGGTGACGGGCGTGACCATAACTGTGGACAATCGAATTTACAAAAACGAGAGAAAAATCGAATACCCACCATTT-TTAACGTTTCAAAGTTGCAATAAAAACCGCTAATATACGAATGACTAACTATCAGTAGCGTTATCCCTATTTCTGGAGATATTCCTTTGATCAACGTTCTACTTGTTGATGACCACGAACTGGTGCGCGCAGGGATA,5
65,GCGGGCTGATTTTCATTTTTGCTGAATAAAGGTAATTTTTGTCACATTTCGTCGCAGGGCTTACTGTGAAACGATCCGGTAAGCCGTTGGTGACGGGCGTGACCATAACTGTGGACAATCGAATTGACAAAAACGAGAGAAAAATCGAATACCCACCATTTTTAACGTTTCAAAGTTGCAATAAAAACCGCTAATATACGAATGACTAACTATCAGTAGCATTATCCCTATTTCTGGAGATATTCCTTTGATCAACGTTCTACTTGTTGATGACCACGAACTGGTGCGCGCAGGGATA,1,----GCTGA-TTTTCATTTTTGCTGAATAAAGTCAATT-TTTGTCACATTTCGTCGTTGGTTTTACCATAGAATGAACCAACAAATCTTTGGTGACGGGCGTGATCATAACTGTGGACAATCGAATTTACGAAAACGAGAGAAAAATCGAATACCCACCATTT-TTAACGTTTCAAAGTTGCAATAAAACCCGCTAATATACGAATGACTAACTATCAGTAGCGTTATCCCTATTTCTGGAGATGTTCCTTTGATCAACGTTCTACTTGTTGATGACCACGAACTGGTGCGCGCAGGGATA,25
66,GCGGGCTGATTTTCATTTTTGCTGAATAAAGTCAATTTTTGTCACATTTCATCGTAGGGCTTACTGTGAAACGATCCGATAAGCCGTTGGTGACGGGCGTGACCATAACTGTGGACAATCGAATTGACAAAAACGAGAGAAAAATCGAATACCCACCATTTTTAACGTTTCAAAGTTGCAATAAAAACCGCTAATATACGAATGACTAACTATCAGTAGCGTTATCCCTATTTCTGGAGATATTCCTTTGATCAACGTTCTACTTGTTGATGACCACGAACTGGTGCGCGCAGGGATA,1,GCGGGCTGA-TTTTCATTTTTGCTGAATAAAGGTAATT-TTTGTCACATTTCGTCGCAGGGCTTACTGTGAAACGATCCGGTCAGCCGTTGGTGACGGGCGTGACCATAACTTTGGACAATCGAATTGACAAAAACGAGAGAAAAATCGAATACCCACCATTT-TTAACGTTTCAAAGTTGCAATAAAAACCGCTAATATACGAATGACTAACTATCAGTAGCGTTATCCCTATTTCTGGAGATATTCCTTTGATCAACGTTCTACTTGTTGATGACCACGAACTGGTGCGCGCAGGGATA,6
67,GCTGATTTTTCATTTGTGCTGAATAAAGTCAATTTTTGTCACATCTCGCCGTTGGTCGTGCTGTGAAACGAACCGGCAAACCTTTGATGACGGGCGTGATCATAACTGTGGACAATCGAATTTACAAAAACGAGAGAAAAATCGAATACCCACCATTTTTAACGTTTCAAAGTTGCAATAAAACCCGCTAATATACTAATGACTAACTATCAGTAGCGTTATCCCTATTTCTGGAGATATTCCTTTGATCAACGTTCTACTTGTTGATGACCACGAACTGGTGCGCGCAGGGATA,1,-------------------------------GTTAATT-AATGTCACATTTCATCGTAGGGCTTACTGTGAAACGATCCGGTAAGCCGTTGGTGACGGGCGTGACCATAACTGTGGACAATCGAATTGACAAAAACGAGAGAAAAATCGAATACCCACCATTT-TTAACGTTTCAAAGTTGCAATAAAAACCGCTAATATACGAATGACTAACTATCAGTAGCGTTATCCCTATTTCTGGAGATATTCCTTTGATCAACGTTCTACTTGTTGATGACCACGAACTGGTGCGCGCAGGGATA,33
68,GCGGGCTGATTTTCATTTTTGCTGAATAAAGTCAATTTTTGTCACATTTCATCGTAGGGCTTACTGTGAAACGATCCGGTAAGCCGTTGGTGACAGGCGTGACCATAACTGTGGACAATCGAATTGACAAAAACGAGAGAAAAATCGAATACCCACCATTTTTAACGTTTCAAAGTTGCAATAAAAACCGCTAATATACGAATGACTAACTATCAGTAGCGTTATCCCTATTTCTGGAGATATTCCTTTGATCAACGTTCTACTTGTTGATGACCACGAACTGGTGCGCGCAGGGATA,1,GCGGGCTGA-TTTTCATTTTTGCTAAATAAAGTCAATT-TTTGTCACATTTCATCGTAGGGCTTACTGTGAAACGATCCGGTAAACCGTTGGTGACGGGCGTGACCATAACTGTGGACAATCGAATTGACAAAAACGAGAGAAAAATCGAATACCCACCATTT-TTAACGTTTCAAAGTTGCAATAAAAACCGCTAATATACGAATGACTAACTATCAGTAGCGTTATCCCTATTTCTGGAGATATTCCTTTGATCAACGTTCTACTTGTTGATGACCACGAACTGGTGCGCGCAGGGATA,2
69,GCTGATTTTCATTTTTGCTGAATAAAGTCAATTTTTGTCACATTTCGTCGTTGGTTTTACCATAGAATGAACCAACAAATCTTTGGTGACGGGCGTGATCATAACTGTGGACAATCGAATTTACGAAAACGAGAGAAAAATCGAATACCCACCATTTTTAACGTTTCAAAGTTGCAATAAAACCCGCTAATATACGAATGACTAACTATCAGTAGCGTTATCCCTATTTCTGGAGATGTTCCTTTGATCAACGTTCTACTTGTTGATGACCACGAACTGGTGCGCGCAGGGATA,1,GCGGGCTGA-TTTTCATTTTTGCTGAATAAAGTCAATT-TTTGTCACATTTCATCGTAGGGCTTACTGTGAAACGATCCGGTAAGCCGTTGGTGACGGGCGTGACCATAACTGTGGACAATCGAATTGACAA-AAAGAGAGAAAAATCGAATACCCACCATTT-TTAACGTTTCAAAGTTGCAATAAAAACCGCTAATATACGAATGACTAACTATCAGTAGCGTTATCCCTATTTCTGGAGATATTCCTTTGATCAACGTTCTACTTGTTGATGACCACGAACTGGTGCGCGCAGGGATA,2
70,GCGGGCTGATTTTCATTTTTGCTGAATAAAGGTAATTTTTGTCACATTTCGTCGCAGGGCTTACTGTGAAACGATCCGGTCAGCCGTTGGTGACGGGCGTGACCATAACTTTGGACAATCGAATTGACAAAAACGAGAGAAAAATCGAATACCCACCATTTTTAACGTTTCAAAGTTGCAATAAAAACCGCTAATATACGAATGACTAACTATCAGTAGCGTTATCCCTATTTCTGGAGATATTCCTTTGATCAACGTTCTACTTGTTGATGACCACGAACTGGTGCGCGCAGGGATA,1,GCGGGCTGA-TTTTCATT-TTGCTGAATAAAGTCAATT--TTGTCACATTTCATCGCCGGGCTTACTGTGAAACGATCCCGGAAGCCGTTGGTGACGGGCGTGACCATAACTGTGGACAATCGAATTGACAAAAACGAGAGAAAAATCGAATACCCACCATTTTTTAACGTTTCAAAGTTGCAATAAAAACCGCTAATATACGAATGACTAACTATCAGTAGCGTTATCCCTATTTCTGGAGATATTCCTTTGATCAACGTTCTACTTGTTGATGACCACGAACTGGTGCGCGCAGGGATA,7
71,GTTAATTAATGTCACATTTCATCGTAGGGCTTACTGTGAAACGATCCGGTAAGCCGTTGGTGACGGGCGTGACCATAACTGTGGACAATCGAATTGACAAAAACGAGAGAAAAATCGAATACCCACCATTTTTAACGTTTCAAAGTTGCAATAAAAACCGCTAATATACGAATGACTAACTATCAGTAGCGTTATCCCTATTTCTGGAGATATTCCTTTGATCAACGTTCTACTTGTTGATGACCACGAACTGGTGCGCGCAGGGATA,1,GCGGGCTGA-TTTTCATTTTTGCTGAATAAAGGTAATT-TTTGTCACATTTCGTCGCAGGGCTTACTGTGAAACGACCCGGTCAGCCGTTGGTGACGGGCGTGACCATAACTGTGGACAATCGAATTGACAAAAACGAGAGAAAAATCGAATACCCACCATTT-TTAACGTTTCAAAGTTGCAATAAAAACCGCTAATATACGAATGACTAACTATCAGTAGCGTTATCCCTATTTCTGGAGATATTCCTTTGATCAACGTTCTACTTGTTGATGACCACGAACTGGTGCGCGCAGGGATA,6
74,GCGGGCTGATTTTCATTTTGCTGAATAAAGTCAATTTTGTCACATTTCATCGCCGGGCTTACTGTGAAACGATCCCGGAAGCCGTTGGTGACGGGCGTGACCATAACTGTGGACAATCGAATTGACAAAAACGAGAGAAAAATCGAATACCCACCATTTTTTAACGTTTCAAAGTTGCAATAAAAACCGCTAATATACGAATGACTAACTATCAGTAGCGTTATCCCTATTTCTGGAGATATTCCTTTGATCAACGTTCTACTTGTTGATGACCACGAACTGGTGCGCGCAGGGATA,1,GCGGGCTGA-TTTTCATTTTTGCTGAATAAAGTCAATT-TTTGTCACATTTCATCGCAGGGCTTACTGTGAAACGATCCCGGAAGCCGTTGGTGACGGGCGTGACCATAACTGTGGACAATCGAATTTACAAAAACGAGAGAAAAATCGAATACCCACCATTT-TTAACGTTTCAAAGTTGCAATAAAAACCGCTAATATACGAATGACTAACTATCAGTAGCGTTATCCCTATTTCTGGAGATATTCCTTTGATCAACGTTCTATTTGTTGATGACCACGAACTGGTGCGCGCAGGGATA,5
75,GCGGGCTGATTTTCATTTTTGCTGAATAAAGGTAATTTTTGTCACATTTCGTCGCAGGGCTTACTGTGAAACGACCCGGTCAGCCGTTGGTGACGGGCGTGACCATAACTGTGGACAATCGAATTGACAAAAACGAGAGAAAAATCGAATACCCACCATTTTTAACGTTTCAAAGTTGCAATAAAAACCGCTAATATACGAATGACTAACTATCAGTAGCGTTATCCCTATTTCTGGAGATATTCCTTTGATCAACGTTCTACTTGTTGATGACCACGAACTGGTGCGCGCAGGGATA,1,GCGGGCTGA-TTTTCATTTTTGCTGAATAAAGTCAATT-TTTGTCACATTTCATCGCCGGGCTTACTGTGAAACGATCCGGTAAGCCGTTGGTGACGGGCGTGACCATAACTGTGGACAATCGAATTGACAAAAACGAGAGAAAAATCGAATACCCACCATTT-TTAACGTTTCAAAGTTGCAATAAAAACCGCTAATATACGAATGACTAACTATCAGTAGCGTTATCCCTATTTCTGGAGATATTCCTTTGATCAACGTTCTACTTGTTGATGACCACGAACTGGTGCGCGCAGGGATA,2
77,TCAGTAGCGTTATCCCTATTTCTGGAGATATTCCTTTGATCAACGTTCTACTTGTTGATGACCACGAACTGGTGCGCGCAGGGATA,1,GCGGGCTGA-TTTTCATTTTTGCTGAATAAAGGTAATT-TTTGTCACATTTCGTCGCAGGGCTTACTGTGAAACGATCCGGTAAGCCATTGGTGACGGGCGTGACCATAACTGTGGACAATCGAATTGACAAAAACGAGAGAAAAATCGAATACCCACCATTT-TTAACGTTTCAAAGTTGCAATAAAAACCGCTAATATACGAATGACTAACTATCAGTAGCGTTATCCCTATTTCTGGAGATATTCCTTTGATCAACGTTCTACTTGTTGATGACCACGAACTGGTGCGCGCAGGGATA,5
78,AGGGCTTACTGTGAAACGATCCGGTAAGCCGTTGGTGACGGGCGTGACCATAACTATGGACAATCGAATTGACAAAAACGAGAGAAAAATCGAATACCCACCATTTTTAACGTTTCAAAGTTGCAATAAAAACCGCTAATATACGAATGACTAACTATCAGTAGCGTTATCCCTATTTCTGGAGATATTCCTTTGATCAACGTTCTACTTGTTGATGACCACGAACTGGTGCGCGCAGGGATA,1,GCGGGCTGA-TTTTCATTTTTGCTGAATAAAGTCAATT-TTTGTCACATTTCATCGCAGGGCTTACTGTGAAACGATCCCGGAAGCCGTTGGTGACGGGCGTGACCATAACTGTGGACAATCGAATTTACAAAAACGAGAGAAAAATCGAATACCCACCATTT-TTAACGTTTCAAAGTTGCAATAAAAACCGCTAATATACGAATGACTAACTATCAGTAGCGTTATCCCTATTTCTGGAGATATTCCTTTGATCAACGTTCTACTTGTTGATGACCACGAACTGGTGCGCGCAGGGATA,4
